BB Name,BB Tags(s),Functional Clusters,Layer,Known Implementation,ID (unique name),Description,Rationale,Governance Applicable S-BB(s),Compose BB(s),What is needed to Design and Implement,What is needed to build and run,Non-Functional Requirements,Dependencies to other Clusters,Vehicle API Relevant,Author/Company,Priority,Related Project(s),Availability of Source Code,Availability of API,Potential obstacles,Maturity Badges,Expert Discussion Status,What is needed to design and implement,Dependencies to other clusters,Vehicle API relevant,Author/Company + Prio,Related project(s),Availability of code,Reference to FEDERATE SDV repository - Open Toolchain(s),Availability of Code,Availability of Api
Car Simulator,BB-CEST,Not Specified,Not Specified,Eclipse SDV - kanto.auto (old) will be published under a new name Eclipse OpenDUT [Carla](https://carla.org/),,"Based on the W3C VISSv2 standardized interface the car simulator can act as a car and simulate VISSv2 related interfaces.   The simulator is able to create, provide and replay recorded data as well as simulate static data on the published VISSv2 based interfaces.   The solution should be able to publish data via standard transport protocols supported by the VISSv2 standard enabling get, set, sub, pub, e.g. MQTT, WS.   The car simulator offers an UI to configure data of the loaded VSS data model. Within the UI car related data can be manipulated or routes with changing data can be simulated.   The car simulator should support the whole VSS data model and data types and the interfaces should support the W3C standard of VISSv2.   The application should run locally as well as on a dedicated server based on newest web technologies",Based on a standardized interface and data model the car simulator is able to manipulate and simulate data for services consuming data of the underlying VSS based data infrastructure.   This enables developers to simulate states without a physical car as well as quality and test engineers to verify failures and fixes based on recorded standardized data.,CARLA,,"BB Reference implementation, extension of a Car Simulator support VSSv2 and VSS data model",,,,,Anonymous,,,,,,,,,,,,,,,,
RemotiveCloud,BB-CEST; BB-CSC-TC,Diagnostics (could also be used for feeding vehicle data to emulators and other prototyping tools),Not Specified,https://cloud.remotivelabs.com/,,"RemotiveCloud - for sharing vehicle recordings, both for debugging purposes as well as for prototyping (feed data into e.g. ProtoPie and Android AAOS / AOSP emulators). The recordings can be made with the RemotiveBroker or some other logging devices following standard formats.",RemotiveCloud enables an easy way of sharing recordings - upload to cloud and share with relevant people as suppliers and service providers to have a common place for vehicle network data (CAN etc.) for debugging and 3rd party application developers.,None,None,"Nothing, create an account and get going (there is a free tier available).",Nothing in addition to an account.,None,None,"Yes, the output can be made in COVESA VSS / VISS format - both to make it easy for 3rd parties as well as to hide OEM proprietary info",Emil Dautovic / RemotiveLabs,,"Yes, part of Playground under the COVESA umbrella.  No active role in FEDERATE yet but there should be a good fit under WP2 projects where there is a need to collaborate in an easy way when it comes to vehicle data (from a test rig or an actual vehicle) for both debugging as well as prototyping purposes (either OEM propritary format or COVESA VSS).",The core RemotiveLabs components are Commercial Closed Source but reference integrations are available as source code https://github.com/remotivelabs,https://docs.remotivelabs.com/docs/category/remotivecloud,,,,,,,,,,,,
Digital Twin proxy in cloud,BB-CMU,Not specified,Not specified,Eclipse Ditto,,"The digital twin is considered as a digital representation of a vehicle (or the vehicle's configuration) as prerequisite for validation and test of SW variants prior to their deployment to a live vehicle.   Proposal for standardization are execution model with regard to simulation level (Prostep standardization <https://www.prostep.org/>), handling of distributed simulation, co-simulation bus and services for controller including services to extract and inject data, extract and inject algorithm dynamically (or static) during simulation, services to guarantee at least software alignment between digital and vehicle.   Defines embed service services to ensure connection with digital twin.  ***  A digital twin is a virtual representation of real-world entities and processes, synchronized at a specified frequency and fidelity.  - Digital twin systems transform business by accelerating holistic understanding, optimal decision-making, and effective action.  - Digital twins use real-time and historical data to represent the past and present and simulate predicted futures.  - Digital twins are motivated by outcomes, tailored to use cases, powered by integration, built on data, guided by domain knowledge, and implemented in IT/OT systems.  The foundational elements of the definition are captured in the first sentence: the virtual representation, the real-world entities and processes it represents, and the mechanism by which the virtual and real-world entities are synchronized.  Source: https://www.digitaltwinconsortium.org/2020/12/digital-twin-consortium-defines-digital-twin/ Digital Twin Consortium is part of the Object Management Group®.","Enables rapid prototyping, validation, and test of vehicle configurations. In scope of OTA updates, validating as many SW variants as possible (all?) to ensure the error-prone deployment of SW updates to the live fleet. Cost saving by eliminating HIL tests with a huge amount of variants.",TDB,,,,,,,Conti,High,,,,,,,,,,,,,,,
Active diagnostics and repair services,BB-CSC,Not specified,Not specified,,,,,,,,,,,,,,,,,,,,,,,,,,,,
App/Services store,BB-CSC,Not specified,Not specified,,,App/Services store with cross-vendor-support but independent of hyper scalers,,,,,,,,,,,,,,,,,,,,,,,,,
Cloud contaier and OS,BB-CSC,Not specified,Not specified,- Blackberry QNX - OxidOS - Eclipse ThreadX - RedHat In-Vehicle OS (announced),,Container and OS which support executing of mixed-criticality vehicle SW,,,,,,,,,,,,,,,,,,,,,,,,,
Config and settings collector,BB-CSC,Not specified,Not specified,,,Collects config and settings data across different SW Apps and other BBs; to transfer it to a backup location (e.g. cloud),,,,,,,,,,,,,,,,,,,,,,,,,
Data manager ensuring compliance with regulation,BB-CSC,Not specified,Not specified,,,"EC data act, EC AI act,… Includes authentication, access control, reporting, potentially also data sharing ""for money""",,,,,,,,,,,,,,,,,,,,,,,,,
Data Spaces,BB-CSC,Not specified,Not specified,- Catena-X,,Data spaces supporting middleware components  and APIs,,,,,,,,,,,,,,,,,,,,,,,,,
Driver authentication,BB-CSC,Not specified,Not specified,,,In-vehicle driver authentication without the need for a mobile device,,,,,,,,,,,,,,,,,,,,,,,,,
Driver Monitor,BB-CSC,Not specified,Not specified,,,Monitors attention and potentially medical condiion of drivers,,,,,,,,,,,,,,,,,,,,,,,,,
End-to-end security for C2X,BB-CSC,Not specified,Not specified,,,End-to-end security for C2X consistent with global regulation,,,,,,,,,,,,,,,,,,,,,,,,,
Extended accident data recorder,BB-CSC,Not specified,Not specified,,,(extending EDR = event data recorder) to better analyse accidents,,,,,,,,,,,,,,,,,,,,,,,,,
Monitoring and tracing specific HW in vehicle,BB-CSC,Not specified,Not specified,,,"To monitor, profile, collect HW-specific information to improve next-gen HW",,,,,,,,,,,,,,,,,,,,,,,,,
Orchestration support for energy and mobility providers,BB-CSC,Not specified,Not specified,,,,,,,,,,,,,,,,,,,,,,,,,,,,
Secure and privacy aware voice assistant,BB-CSC,Not specified,Not specified,,,Secure and privacy aware voice assistant,,,,,,,,,,,,,,,,,,,,,,,,,
Vehicle data streaming,BB-CSC,Not specified,Not specified,,,Stream info from vehicle displays (e.g. dashboard) to mobile devices,,,,,,,,,,,,,,,,,,,,,,,,,
Vehicle monitor,BB-CSC,Not specified,Not specified,,,Monitors condition of components and parts of the vehicle to support. (e.g. predictive maintenance),,,,,,,,,,,,,,,,,,,,,,,,,
DocAsCode,BB-EST,Requirements,None,[Open Fast Trace](https://github.com/itsallcode/openfasttrace),,This BB aims to track and manage the software requirements of the different variants of the source code.,"Several model based approaches for systems engineering and methods and tools are already established and state-of-the-art and available on the market, as well established in other industries (avionics, defense, etc.). The challenge in the automotive sector lies strongly in the variety of variants.  Driven by different product variants and the possibility of choice by the customer, this results in a high degree of combinatorics and almost exponential complexity in the subsystems.  In contrast to other industries, the automotive market with high international competition and price pressure, a wide variety of variants, functional safety and security with very long product life cycles of the vehicles in the field and the necessary software updates and hardware upgrades come together. It has become apparent that most complex, tool-based approaches to managing software requirements cannot keep pace with the capabilities of modern software development through git with the inherent capabilities of code management and automation.  If the source code of the systems is maintained in variants (branches) and developed by means of CI/CD (Continuous Integration & Development) up to the control unit, the software requirements must also be manageable and versionable, just like the source code. This then allows the transfer of customized requirements from one branch to another (merge), the comparison of requirements (diff) and the automated check that all requirements along the necessary V-model artifacts (architecture, design, code, tests, test results) are covered (tracing).  To this end, we as OEMs see it as essential to use these so-called ""DocAsCode"" approaches more efficiently directly in the development of ECU software internally as well as along the supply chain. Of course, this does not exempt us from overall systems engineering and model-based development, in any case we consider basic research to be less relevant there.",,,,,,,,Tom Fleischmann,High,,,,,,,,,,,,,,,
OpenDUT ,"- BB-EST, BB-CEST, BB-SC-TC, BB-CSC-TC",- (Explanation: in which Functional Cluster the BB be located; if none of the existing fit new required),- MWLayer,- Github repo: https://github.com/eclipse-opendut/opendut,,"Eclipse openDuT provides an open framework to automate the testing and validation process for automotive software and applications in a reliable, repeatable and observable way. Eclipse openDuT is hardware-agnostic with respect to the execution environment and accompanies different hardware interfaces and standards regarding the usability of the framework. Thereby, it is supporting both on-premise installations and hosting in a cloud infrastructure. Eclipse openDuT considers an eventually distributed network of real (HIL) and virtual devices (SIL) under test. Eclipse openDuT reflects hardware capabilities and constraints along with the chosen test method. Test cases are not limited to a specific domain, but it especially realizes functional and explorative security tests.","Main Use Case are: •	(Fully automated) grey-box tests for single ECUs or clusters of ECUs •	Execution of tests over distributed test benches •	Realization of functional and explorative tests •	Coverage of Complete Security attack scenarios •	Easy interfacing and usability of the framework (Compatibility with external protocols, modularization, …) •	Observation of the test setup to verify if the test has been effective. •	Cloud/on-premises/hybrid deployments •	Adaption and full functional integration of 3rd party components (OSS, proprietary/ private source)","- Reference to e.g. UN/EU CRA Cyber Resilience Act; UNECE 156 - Software update and software update management system  - Reference to defined S-BB(s)  - Reference to e.g. IS026262, AUTOSAR Spec. X",- Link to required BB(s)  E.g. BB-SC StateManagement BB is a composition of other BBs,,"NetBird, Wireguard, TURN Sever, Keycloak, Linux-based OS, Cannelloni for CAN support, telemetry stack (Promtail, Loki, Prometheus, Tempo, Grafana), …","With respect to Safety, Security, Encrypted connections between clients, server and peers",,,,,,,Yes / Apache License Version 2.0,-,,,"We expect to have a certain HW capability and or SW environment or Tool support, or a documentation, or an extra audit, or Test, or Compiler, or Prog. Language, … - Linux development environment,  - Peers & Client: ARM32/64, x86_64 - Server: x86_64 - Programming language: Rust - Test environment: THEO","Other clusters are needed. FC Security, FC Storage, … e.g. If FC Security : Security BBs are  needed but you can choose for example crypto BB-SC from company A or crypto BB-SC from company B; several compositions may work",“No”,- Anonymous + (High/Mid/Low),"If Yes – e.g. The BB should be used/added in the Eclipse Blueprint A – for demo purposes, show added value,  If No – Project Proposal (e.g. WP4 in FEDERATE, or in the SDV EcoSystem Community Framework",Yes / Apache License Version 2.0,-,,
AOSP Push Notification Service,BB-SC,Communication,AppLayer,- <https://novu.co> - <https://unifiedpush.org/>,,"This work package aims to align on a common Android Open Source Project (AOSP) push notification service (PNS). Due to the heterogenous AOSP landscape, the solution shall be defined as a protocol that is designed in a decentralized way allowing implementing parties to choose between hosting their own PNS or using an existing one. To reduce fragmentation and to allow 3rd parties to build once and deploy anywhere, the protocol shall be guaranteed to work regardless of the underlying implementation. To help developers use the new standardized protocol, a reference implementation shall be provided.","Enable 3rd party Android apps to deliver messages, receive incoming VOIP calls or to give updates in a running app.   Lots of apps rely on being able to send messages to their clients to deliver messages or incoming VoIP calls. Because Android apps can be killed by the system at any time, they cannot rely on being able to communicate with their backend to receive these messages. To enable these use cases, a standardized PNS for AOSP (outside of Google Automotive Services GAS) is necessary and will be provided as part of this work package.    Repo: could be an enhancement of repo on <https://github.com/UnifiedPush>,    Technologies: Android Automotive OS, WebPuch Protocol, UnifiedPush.    Partners: COVESA members: [Automotive AOSP App Framework Standardisation Expert Group](https://wiki.covesa.global/display/WIK4/Automotive+AOSP+App+Framework+Standardization+Expert+Group), UnifiedPush","Android Automotive OS, WebPuch Protocol, UnifiedPush",,BB Reference implementation   New standardized protocol,,,,,Anonymous,until 30.6.2025,See Google Automotive Services FAS   <https://github.com/UnifiedPush>   SHIFT2SDV,,,,,,,,,,,,,,
Communication Server (S2S),BB-SC,Communication,,,,Define standard service for secured offboard communication,Standardized the solution,TDB,,,,,,,Conti,Low,,,,,,in discussion,,,,,,,,,
Gateway Mirroring,BB-SC,Communication,MWLayer,,,"Assumption is that the ""traffic shadowing/mirroring concept"" from microservices defined with the Gateway being mirrored instead of specific services necessary for micro services testing. Define standard service for replay of messages and hiding of message and mirroring for test purposes",Useful for simulation and testing. Data format maybe necessary to standardize,TDB,,,,,,,Conti,Low,,,,,,,,,,,,,,,
Network Management,BB-SC,Communication,MWLayer,,,The network management is responsible in connected systems to orchestrate states like startup and shut down through the system. Here the services cover the overall network manager layer but also services for starting/stopping communication of nodes within the systems compare to state management.,General policy on how to use network management with zone architecture especially for communication startup and shutdown,"AUTOSAR (UDPNm, CanNm, FrNm, LinNm)",,,,,,,Conti,High,,,,,,,,,,,,,,,
SecOS,BB-SC,Communication,MWLayer,,,Define standard service for secured onboard communication,Standardized the solution,TDB,[BB_Secure_Onboard_Communication](/BB-SC/MWLayer/Security/BB_Secure_Onboard_Communication.md),,,,,,Conti,Low,,,,,,in discussion,,,,,,,,,
Smart Charging Communication,BB-SC,Communication,MWLayer,<https://lfenergy.org/projects/everest/>,,Implementation of protocols for the smart charging of EVs,Standard service for EV,TDB,,,,,,,Conti,Low,,,,,,,,,,,,,,,
SOME/IP,BB-SC,Communication,MWLayer,- [vSomeIP](https://github.com/COVESA/vsomeip),,SOME/IP implementation.,The building block will be used to allow communication over SOME/IP.,,,,,,,,,,"HAL4SDV, SHIFT2SDV",Yes / vSomeIP - Mozilla Public License Version 2.0,,,<!-- taken over from Eclipse SDV Process  See Definition of Badges and their Flavors  https://gitlab.eclipse.org/eclipse-wg/sdv-wg/sdv-technical-alignment/sdv-technical-topics/sdv-process/sdv-process-definition/-/wikis/Definition%20of%20Badges%20and%20their%20Flavors    | 			| Documentation | Requirements | Coding Guidelines | Testing | Release Process | | --------- |:-------------:|:------------:|:-----------------:|:-------:|:---------------:| | Gold		| Badgelevel    | Badgelevel   | Badgelevel		   | Badgelevel	 | Badgelevel  | | Silver	| Badgelevel    | Badgelevel   | Badgelevel	  	   | Badgelevel	 | Badgelevel  | | Bronze	| Badgelevel   	| Badgelevel   | Badgelevel	       | Badgelevel	 | Badgelevel  | | No		| Badgelevel   	| Badgelevel   | Badgelevel	       | Badgelevel	 | Badgelevel  | | NotDefined| Badgelevel   	| Badgelevel   | Badgelevel	       | Badgelevel	 | Badgelevel  |  Options: NotDefined/No/Bronze/Silver/Gold  Example: | 			| Documentation | Requirements | Coding Guidelines | Testing | Release Process | | --------- |:-------------:|:------------:|:-----------------:|:-------:|:---------------:| | Level		| [Gold](urlToDoc)| No 		   | Notdefined		   | Bronze	 | [Silver](urlToDoc),,,,,,,,,,
Standard Android VHAL,BB-SC,Communication,MWLayer,,,"The standard Android VHAL implementation should be a building block enabling to seamlessly mapping of car data from underlying data middleware to Android Car API.   The solution should be able to use any data middleware using VSS and standard transport protocols enabling get, set, sub, pub, e.g. MQTT, WS. All the standard properties defined by Google shall be reused. All missing properties shall be defined using vendor properties in a standard, cross-OEM way. It should enable VSS to VHAL Property mapping using and updatable mapping file enabling:    a) definition and agreement of vendor mapping cross-OEM   b) OTA updatability   c) OEM specific mappings.",The building block will be used using the standard Google Car API within the Android Framework,- Android Automotive OS - Android VHAL - Android Car API - [COVESA Automotive AOSP App Framework Standardisation](https://covesa.global/aosp-framework/),,BB Reference implementation / API   Standardized way (Vehicle Data mapping),,,,,Anonymous,,SHIFT2SDV,,,,,,,,,,,,,,
CycloneDDS,- BB-SC; BB-MU; BB-CSC; BB-CMU,- Communication,- MWLayer,- https://github.com/eclipse-cyclonedds/cyclonedds,,"Eclipse Cyclone DDS is a very performant and robust open-source implementation of the OMG DDS specification. Cyclone DDS is developed completely in the open as an Eclipse IoT project (see eclipse-cyclone-dds) with a growing list of adopters (if you're one of them, please add your logo). It is a tier-1 middleware for the Robot Operating System ROS 2.",,"- Cyclone DDS aims at full coverage of the specs and today already covers most of this. With references to the individual OMG specifications, the following is available:  *    [DCPS](https://www.omg.org/spec/DDS/1.4/PDF) the base specification       *        zero configuration discovery (if multicast works)      *        publish/subscribe messaging      *        configurable storage of data in subscribers      *        many QoS settings - liveliness monitoring, deadlines, historical data, ...      *        coverage includes the Minimum, Ownership and (partially) Content profiles *    [DDS Security](https://www.omg.org/spec/DDS-SECURITY/1.1/PDF) - providing authentication, access control and encryption -  *    [DDS C++ API](https://www.omg.org/spec/DDS-PSM-Cxx/1.0/PDF) *    [DDS XTypes](https://www.omg.org/spec/DDS-XTypes/1.3/PDF) - the structural type system (some [caveats](https://github.com/eclipse-cyclonedds/cyclonedds/blob/master/docs/dev/xtypes_relnotes.md) here)  *    [DDSI-RTPS](https://www.omg.org/spec/DDSI-RTPS/2.5/PDF) - the interoperable network protocol",- OS/Runtime Envirnoment,,"In order to build Cyclone DDS you need a Linux, Mac or Windows 10 machine (or, with some caveats, a *BSD, QNX, OpenIndiana or a Solaris 2.6 one) with the following installed on your host:  *    C compiler (most commonly GCC on Linux, Visual Studio on Windows, Xcode on macOS); *    Optionally GIT version control system; *    CMake, version 3.16 or later; *    Optionally OpenSSL, we recommend a fully patched and supported version but 1.1.1 will still work; *    Optionally Eclipse Iceoryx version 2.0 for shared memory and zero-copy support; *    Optionally Bison parser generator. A cached source is checked into the repository.",* Real Time * QOS,,,,,- https://projects.eclipse.org/projects/iot.cyclonedds,- YES/Eclipse Public License - v 2.0,,,| 			| Documentation | Requirements | Coding Guidelines | Testing | Release Process | | --------- |:-------------:|:------------:|:-----------------:|:-------:|:---------------:| | Gold		| No		    | Yes/No	   | Yes/No  		   | No		 | No		   | | Silver	| Yes		    | Yes/No	   | Yes/No 		   | Yes	 | No		   | | Bronze	| No	    	| Yes/No	   | Yes/No    		   | No		 | Yes,,,,,,,,,,
embeddedRTPS - DDS for Ressource-constrained environments,"- BB-SC, BB-CSC, BB-MU, BB-CMU",- Communication,- MWLayer,- Github repo: <https://github.com/embedded-software-laboratory/embeddedRTPS>,,"This repository contains source code for embeddedRTPS, a portable and open-source C++ implementation of the Real-Time Publish-Subscribe Protocol (RTPS) for embedded system. RTPS is based on the publish-subscribe mechanism and is at the core of the Data Distribution Service (DDS). DDS is used, among many other applications, in Robot Operating System 2 (ROS2) and is also part of the AUTOSAR Adaptive platform. embeddedRTPS allows to integrate Ethernet-capable microcontrollers into DDS-based systems as first-class participants. embeddedRTPS is portable, as it only consumes lightweightIP and FreeRTOS APIs, which are available for a large number of embedded systems. embeddedRTPS avoids dynamic memory allocation once endpoints are constructed possible. Please note that embeddedRTPS only implements rudimentary Quality-of-Service (QoS) policies and is far from a complete RTPS implementation.",- This light-weight DDS stack allows to integrate ressource constraint devices into SOA architectures. DDS is used as a middleware in AUTOSAR Adaptive and ROS 2.,- https://www.omg.org/spec/DDS/ (deviations from spec.) - https://www.omg.org/spec/DDSI-RTPS/ (implemented partially)  - https://www.omg.org/spec/DDS-SECURITY/ (not implemented in pub version),- FreeRTOS or other OS/Runtime Envirnoment - lwIP (could be another NW Stack),,"See: Example with a getting started for STM32 (Linux/Mac) GCC (Ubuntu 18 and above), Tasking Compiler,   <https://github.com/embedded-software-laboratory/embeddedRTPS-STM32>",- Real-Time - Security,,,,,,,Yes / License MIT,,,,"The Repo include a reference implementation which is executable on different Targets /STM32, AURIX Tricore. Needed: - MW Layer to use it with ROS2 (RMW) or adaptive AUTOSAR (commonAPI support). - Support for Security concepts in the OSS implementation. (see Applicable S-BB(s))",,“No”,- Alexandru Kampmann RWTH - (High/Mid/Low),- <https://github.com/mROS-base/mros2> - <https://github.com/micro-ROS>,Yes / License MIT Commercial Closed Source Parts are available (security),,,
Fast-DDS,- BB-SC; BB-MU; BB-CSC; BB-CMU,- Communication,- MWLayer,- https://github.com/eProsima/Fast-DDS,,"eprosima Fast DDS is a C++ implementation of the DDS (Data Distribution Service) standard of the OMG (Object Management Group). eProsima Fast DDS implements the RTPS (Real Time Publish Subscribe) protocol, which provides publisher-subscriber communications over unreliable transports such as UDP, as defined and maintained by the Object Management Group (OMG) consortium. RTPS is also the wire interoperability protocol defined for the Data Distribution Service (DDS) standard. eProsima Fast DDS expose an API to access directly the RTPS protocol, giving the user full access to the protocol internals.",,,- OS/Runtime Envirnoment,,See [supported Platforms](https://github.com/eProsima/Fast-DDS/blob/master/PLATFORM_SUPPORT.md#platform-support),* Real Time * QOS,,,[eprosima](https://eprosima.com/),,- The most complete DDS - Proven: Plenty of success cases. Looking for commercial support? Contact info@eprosima.com  - https://eprosima.com/,- YES/Apache 2.0,[Fast DDS CLI manual](https://fast-dds.docs.eprosima.com/en/latest/fastddscli/cli/cli.html),,| 			| Documentation | Requirements | Coding Guidelines | Testing | Release Process | | --------- |:-------------:|:------------:|:-----------------:|:-------:|:---------------:| | Gold		| YES		    | Yes/No	   | Yes/No  		   | No		 | No		   | | Silver	| No		    | Yes/No	   | Yes/No 		   | Yes	 | [Yes}(https://github.com/eProsima/Fast-DDS/blob/master/RELEASE_SUPPORT.md)		   | | Bronze	| No	    	| Yes/No	   | Yes/No    		   | No		 | No,,,,,,,,,,
OpenDDS,- BB-SC; BB-MU; BB-CSC; BB-CMU,- Communication,- MWLayer,- https://github.com/OpenDDS/OpenDDS,,"OpenDDS is an open-source C++ implementation of the Object Management Group's specification ""Data Distribution Service for Real-time Systems"" (DDS), as well as some other related specifications. These standards define a set of interfaces and protocols for developing distributed applications based on the publish-subscribe and distributed cache models. Although OpenDDS is itself developed in C++, Java bindings are provided so that Java applications can use OpenDDS. OpenDDS also includes support for the DDS Security and XTypes specifications.",,This release of OpenDDS is based on the DDS Specification formal/2015-04-10 (version 1.4). It features the following transport protocols:  *    TCP/IP *    UDP/IP *    IP multicast *    RTPS over UDP/IP (unicast and multicast) *    Shared memory  RTPS (Interoperability) features are based on the [DDS-RTPS Specification formal/2019-04-03 (version 2.3)](https://www.omg.org/spec/DDSI-RTPS/2.3). See the OpenDDS Developer's Guide and the file [docs/design/RTPS](https://github.com/OpenDDS/OpenDDS/blob/master/docs/design/RTPS) for more details on RTPS.  See the Developer's Guide for information on OpenDDS compliance with the DDS specification. If you would like to contribute a feature or sponsor the developers to add a feature please see the Support section above for contact information.,- OS/Runtime Envirnoment,"These are just the required dependencies. For a complete detailed list of dependencies, including optional ones, see https://opendds.readthedocs.io/en/latest-release/devguide/building/dependencies.html.","Operating Systems  This release of OpenDDS has been tested under the following platforms:  Linux family:  *    Red Hat EL and CentOS 6.6, 6.8, 6.9 (x86_64) *    Red Hat EL and CentOS 7.2, 7.3, 7.4 (x86_64) *    Red Hat EL 8.0 (x86_64) *    Fedora 24 and 31 (x86_64) *    Debian 9.4 (i686) *    Ubuntu 22.04 LTS (x86_64) *    openSUSE 42.1 (x86_64) *    Yocto 3.4.4 (ARMv8)  Windows family:  *   Windows 7 (32-bit, 64-bit) *    Windows Server 2012 R2 (64-bit) *    Windows 10 (64-bit)  Embedded/Mobile/IoT:  *    LynxOS-178 (OpenDDS Safety Profile) *    VxWorks 6.9, 7, 21.03 (see below) *    [Linux on Raspberry Pi](https://opendds.readthedocs.io/en/latest-release/devguide/quickstart/pi.html) *    [Android 9.0 ""Pie"" (API Level 28) NDK r18b](https://opendds.readthedocs.io/en/latest-release/devguide/building/android.html)  We have built OpenDDS for VxWorks 6.9, 7, and 21.03 and have run basic system and performance tests (but not the entire regression test suite). Please see the [OpenDDS Support page](https://opendds.org/support.html) for more information on support for ACE, TAO, and OpenDDS on VxWorks. Download VxWorks RPM packages for ACE, TAO, and OpenDDS [here](https://objectcomputing.com/products/opendds/vxworks).  Compilers  This release of OpenDDS has been tested using the following compilers:  *    Microsoft Visual C++ 10 with SP1 (Visual Studio 2010) *    Microsoft Visual C++ 11 (Visual Studio 2012) - Update 4 *   Microsoft Visual C++ 12 (Visual Studio 2013) - Update 5 *    Microsoft Visual C++ 14 (Visual Studio 2015) - Update 3 *    Microsoft Visual C++ 14.1 (Visual Studio 2017) cl 19.16.27048 *    Microsoft Visual C++ 14.2 (Visual Studio 2019) cl 19.29.30146 *    gcc 4.4.7, 4.8.5 *    gcc 6.2.1, 6.3.0 *    gcc 7.2.0, 7.3.0, 7.5.0 *    gcc 8.2.0, 8.2.1 *    gcc 9.3.1 *    gcc 12.2.0 *    Ubuntu clang 14.0.6 *    Ubuntu clang 15.0.0",* Real Time * QOS,,,,,- OpenDDS is an open source C++ implementation of the Object Management Group (OMG) Data Distribution Service (DDS). OpenDDS also supports Java bindings through JNI.  - http://www.opendds.org/,"- YES/OpenDDS (Licensed Product) is protected by copyright, and is distributed under the following terms.",,,| 			| Documentation | Requirements | Coding Guidelines | Testing | Release Process | | --------- |:-------------:|:------------:|:-----------------:|:-------:|:---------------:| | Gold		| No		    | Yes/No	   | Yes/No  		   | No		 | No		   | | Silver	| Yes		    | Yes/No	   | Yes/No 		   | Yes	 | No		   | | Bronze	| No	    	| Yes/No	   | Yes/No    		   | No		 | Yes,,,,,,,,,,
Local Update Manager,BB-SC,Configuration,,"- AUTOSAR: UCS - but not OSS-usable - higher-level: Eclipse Ankaios, Eclipse Kanto, Eclipse Symphony, Eclipse BlueChi",,"A Local update manager is a local instance of an (OTA) Update master. It is meant to be deployed and operated on distributed vehicle network nodes. It must provide a similar, but limited functionality compared to the OTA master. It shall be able to manage locally backup storage and rollback of software controlled by the OTA Master. The local update manager may become necessary as the OTA master will not or just with complex implementations (which may interfere with the network capabilities and the overall in-vehicle security) be able to deploy SW updates across the vehicle network within a zonal architecture. The Local update manager will deploy/install software in a dedicated local area of the vehicle network under control of the update master. It will ensure also local API for memory control and security services control.","The local update manager may become a ""must-have"" within server/zone architectures to retain the capability to deploy SW updates end-to-end. Especially when there is the need to separate zones for safety/security reasons, the local update manager will be mandatory.",TDB,,,,,,,Conti,High,,,,,,,,,,,,,,,
OTA Master,BB-SC,Configuration,MWLayer,"- AUTOSAR: UCS - but not OSS-usable - higher-level: Eclipse Ankaios, Eclipse Kanto, Eclipse Symphony, Eclipse BlueChi",,"The OTA master is a central SWC to deploy OTA SW updates within the vehicle network. Besides the basic functionality of SW installation, it implements the necessary failsafe or failover behavior to ensure the robustness of the update process (such as backup and rollover mechanism). In addition, it must manage and verify the integrity of the installed SW after it has been transferred from the backend, potentially even before installing the SW. It also coordinates local OTA salves distributed in the vehicle, by self-contained interface and command control. As a prerequisite for a successful update, the update master has also to be capable to read the vehicle configuration and control reprogramming history.","Existing, IoT based implementations of OTA Master will not carry over to zonal architectures as they - if ever - have limited ability to deploy SW across servers and zone controllers within the vehicle network. Scaling is an issue as well, as those solutions usually need continuous backend connection during the update process, thus demanding a highly scalable, costly backend infrastructure to deploy SW updates OTA for a bigger fleet. A UCM Master enables the use of standardized interfaces and Software components for OTA updates within upcoming EE architectures. A POSIX based update master can be a reasonable replacement in non-AUTOSAR environments when it implements the same basic mechanism as an UCM master.",OTA master POSIX   OTA master ASR Adaptive (UCM Master),,,,,,,Conti,High,,,,,,,,,,,,,,,
Policy Manager,BB-SC,Diagnostics,MWLayer,,,"Diagnostic service applications are interpreted as the diagnostic services according to ISO 14229. Define service at vehicle level to control different access level or different permission. Each level requires previous authentication, where authentication, can remain vehicle specific.",Establish a common concept,ISO 14229,,,,,,,Conti,Low,,,,,,in discussion,,,,,,,,,
Distributed Health Management,BB-SC,Platform Health Management,MWLayer,<https://opentelemetry.io>,,"Distributed health management like state management must be orchestrated in states through the SW Partitions, subsystems, and systems as well as the reaction to ""unhealthiness"" of the system. Define services and hierarchy of services to handled cascading of failure detection and recovery to easily integrate safety concept.","Services is tightly coupled to the safety concept, which is depending on the hardware capabilities and the functional safety goals. Therefore, the concrete instantiation of a distributed health management concept is highly product specific, but the infrastructure how to exchange health information and how to trigger status changes could be standardized.",AUTOSAR Classic   AUTOSAR Adaptive,,,,,,,Conti,Low,,,,,,,,,,,,,,,
Watchdog,BB-SC,Platform Health Management,MWLayer,,,"Extend the traditional concept of watchdog concept (stack for external chip regular activation, deadline monitoring, alive supervision, and logical program flow supervision) to inter ECU operation in conjunction to Health Management.","Watchdog is classically an ECU safety topic. For logical supervision and mitigation between ECUs the concept must be rethought, as AUTOSAR services enables only partial control.",AUTOSAR Classic,,,,,,,Conti,Low,,,,,,,,,,,,,,,
Power Management Coordination,BB-SC,Power Management,MWLayer,,,"Control the handling of vehicle power in various ECU by provides generic services for handling power up and power down phases of the vehicles, to manage vehicle power transition phase and energy efficiency. It handles decision for power control based on electronic dependency and power cascading sequence. It is usually a multi-layer approach, where states are managed locally for each SW partition, for each sub system and for the complete vehicle system It is multi-layer approach    For Linux systems, systemd and how it can help with this concern is probably a highly interesting topic to investigate for this BB.",Unified solution to facilitates integration of vehicle power management feature.,,,,,,,,Conti,High,,,,,,,,,,,,,,,
Diagnostic Services Applications,BB-SC,Runtime,MWLayer,,,"Diagnostic service applications are interpreted as the diagnostic services according to ISO 14229. Some of the service implementations are application specific like routines, data identifiers and DTCs, but at least generic hook must be defined. This includes in future also the connection to the Offboard by service orientedVehicle Diagnostic (SOVD).",SOVD should be standardized working with ISO 14229.,AUTOSAR Classic   AUTOSAR Adaptive   ASAM SOVD,,,,,,,Conti,Medium,,,,,,,,,,,,,,,
State Management,BB-SC,Runtime,MWLayer,Eclipse Piccolo,,"The State management is responsible for the start of the system ""car"" and the coordinated start and stop of sub systems and partitions depending on different operation modes of the vehicle. It is usually a multi-layer approach, where states are managed locally for each SW partition, for each sub system and for the complete vehicle system.",Align vehicle operation modes that are orchestrated via proper state management. The benefit is to standardize states for applications that can then be compatible with different vehicle manufacturer.,TDB,,,,,,,Conti,High,,,,,,,,,,,,,,,
Crypto Service Manager,BB-SC,Security,MWLayer,,,Define the APIs and sequence routines for the security algorithms used by applications to access to low level hardware and/or software. Ensure that access of security routines can be run remotely.,Standardization facilitating integration at the ECU level.,AUTOSAR Classic   AUTOSAR Adaptive,,,,,,,Conti,High,,,,,,,,,,,,,,,
Internet Protocol Security,BB-SC,Security,MWLayer,,,"Define ""IPSec"" a protocol used for internet key exchange, authentication header and encapsulating security payload.",Establish a common concept.,Internet IPSec,,,,,,,Conti,Low,,,,,,in discussion,,,,,,,,,
Intrusion Detection,BB-SC,Security,MWLayer,,,Define services to react on the events recorded by the Security event manager to security violations. IDS and IDPS (Intrusion detection and prevention system) are both considered here.,Establish a common concept,AUTOSAR,,,,,,,Conti,Low,,,,,,,,,,,,,,,
Secure Onboard Communication,BB-SC,Security,MWLayer,,,Define secure communication between different ECU. This includes messages signed messages with a hash (CMAC) and a counter information to be able to detect security violations (like replay attacks etc.). These services need to applied for different communication protocol common at the vehicle level to be aligned for set of secure communication routines.,Extend the concept of AUTOSAR SecOC with a common implementation at the vehicle level.,AUTOSAR SecOC,[BB_SecOS](/BB-SC/MWLayer/Communication/BB_SecOS.md),,,,,,Conti,High,,,,,,,,,,,,,,,
Security Event Manager,SC-BB,Security,MWLayer,,,Management of security related incidents (e.g. violations) and the according reaction for the overall vehicle. Define a catalogue of security events and standardize the message for security event distribution in the subsystem / system.,ECU local and system wise concepts is necessary for propagate local security observations to vehicle wide security event manager(s).,AUTOSAR Classic,,,,,,,Conti,High,,,,,,,,,,,,,,,
Security Transport Layer,BB-SC,,## BB Tags(s)  BB-SC  ## Functional Clusters  Security  ## Layer  MWLAyer,,,"Define transport layer security and datagram transport layer security, as both part of the transport layer and therefore not visible on application layer (maybe except some detected security violations). Need to align all the standard. Standardization could be used on which version of TLS/dTLS to be used and reactions on security violations.",Establish a common concept,Internet TLS,,,,,,,Conti,Low,,,,,,,,,,,,,,,
Vehicle Data Collector,BB-SC,Storage,MWLayer,<https://github.com/eclipse-sdv-blueprints/insurance> <https://github.com/eclipse-sdv-blueprints/fleet-management>,,"A component in the vehicle which selects data of interest and uploads it to the cloud. It has access to most of the data in the car and selects by filters (AI based or rule based). Typically, the filters are modified by the cloud to enable campaigns in order to collect specific amount of data e.g. for monetization purposes. It shall support control of access services and access right",Standardized methods and services to access in vehicle data,TDB,,,,,,,Conti,High,,,,,,,,,,,,,,,
Vehicle Data Persistency,BB-SC,Storage,MWLayer,,,"Services for management of distributed persistent data for compatible with the different operating system (AUTOSAR Classic, Adaptive, Linux, ...) Define a high-level service capable to be mapped to the low-level API existing of OS in use in automotive. Control of robustness and refresh of standard functionality according to hardware solution. It also includes supervision of consumption and resource control (to ensure reliability of the system)","Standardized high level service for distributing persistent data on operating system and being able to be used by advance feature (data collector, Shadowing, digital twins…)",AUTOSAR   Linux,,,,,,,Conti,Medium,,,,,,,,,,,,,,,
Vehicle Logging and Recording,BB-SC,Storage,MWLayer,OpenTelemetry,,"A component in the vehicle which selects data of interest and uploads it to the cloud. It has access to most of the data in the car and selects by filters (AI based or rule based). Typically, the filters are modified by the cloud to enable campaigns in order to collect specific amount of data e.g. for monetization purposes. It shall support control of access services and access right","One method known is the diagnostic log and trace (""Dlt"") which could be used to trace and log via any bus any information with a common time reference that is instrumented in the SW code. It may address also offboard debugging enabled by commonly used tool for dump and performance analysis. Additionally other concepts for logging that are also quite intrusive like Xcp based are established.",AUTOSAR DLT   AUTOSAR XCP,,,,,,,Conti,High,,,,,,,,,,,,,,,
Time Service,BB-SC,Time,MWLayer,,,"Define the source as a service, modulating software time based on local ECU physical Timer channel on the chip counting time even when vehicle is off.   Control the system time as time between different SW Partitions, subsystems, and systems to have a *global* valid time (selection of most accurate over several source, including diagnosis, etc..) as well as the exchange of time information between subsystems",Harmonization of global time interpretation by standardized protocols in the ECU architecture,AUTOSAR-Classic   AUTOSAR Adaptive   Linux/Android Time,,,,,,,Conti,High,,,,,,,,,,,,,,,
Key Management System,BB-SC,Tools and Methods,MWLayer,,,"Define services for management of the keys for the ECU, subsystem, and system (secure storage, secure distribution, secure key handling). Keys have to be managed ECU local, subsystem wide and car system wide.","To be align with various HW existing solution (HSM, TEE, etc..)",AUTOSAR SecOc,,,,,,,Conti,Medium,,,,,,,,,,,,,,,
Automotive Edge Runtime,BB-SC,Time,OSLayer,Eclipse Leda AutoSD (RHIVOS),,"A runtime in the vehicle that executes workloads, typically defined by the cloud. The component can be orchestrated to manage workloads across multiple partitions or high-performance-computers. Scheduling can be static or dynamic (during runtime of the vehicle). Workloads are typically packaged as containers according to cloud native standards. There should be performance, check point analysis and means to control the container. It is recommended to applies it only for non-safety HPC partitions for non-safety functions.  interesting things to look at:  - web assembly (wasm) runtimes",Being able to upload container to execute function inside HPC in a standardized way (dynamic behavior and interface),Eclipse SDV,,,,,,,Conti,High,,,,,,,,,,,,,,,
Shadowing,BB-SC-TC,Testing,MWLayer,,,"A system working passively in the background that uses recorded data and input from sensors and cameras in the car to make its own hypothetical driving decisions. These hypothetical driving decisions are then compared to the decisions the (human) driver of the car makes. Both the recorded data and the comparison are used, amongst others, to discover unthought of edge and corner cases, and to evaluate and demonstrate the safety of autonomous functionalities. Proposal for standardization of recording services, comparison services, and process execution services are standardized in conjunction data collector and orchestrator. The rest seems to be added value of the functionality.  A digital shadow mirrors the current state and behavior of a physical entity or system.",The use of shadowing during development (and potentially even during operation) of vehicles can enhance the ADAS algorithm/configuration development which will otherwise mostly be based on artificial test data and test drives. Shadowing will support the improvement of the vehicles in the field and enhance the safety of the users.,TDB,,,,,,,,,,,,,,,,,,,,,,,
Standardization of Vehicle API,S-BB,,AppLayer,,,This work package aims to create a standardized application programming interface (API) for vehicles to facilitate consistent and efficient communication between different vehicle systems and external applications.,"The existing vehicle API landscape is disparate and proprietary, leading to compatibility challenges and obstructing cross-platform app development. The work package aims to create a universal vehicle API standard to simplify third-party app integration, enhance system interoperability across manufacturers, and foster a dynamic developer ecosystem. This standardization is expected to spur innovation and the creation of advanced automotive features and services. Enabling a wide range of applications, from vehicle diagnostics to thirdparty service integration, such as insurance or smart city infrastructure.",AUTOSAR Vehilce-2-X Spes,"Reference Implementation should support REST API, …",Standardized Vehicle API,,,,,Anonymous,,,,,,,in discussion,,,,,,,,,
Standardized Architectural Patterns for Cross Platform Data Service Infrastructure,S-BB,,AppLayer,,,"This work package aims to develop standardized architectural patterns for a data service infrastructure that encompasses data storage, access, synchronization, and other related functionalities across different platforms.","The lack of standardized architectural patterns for data services leads to inefficiencies, compatibility issues, and increased complexity in crossplatform data handling. This work package aims to establish a set of standardized, scalable, and adaptable architectural patterns applicable to various platforms for data services including storage, access, and synchronization. The solution enhances interoperability and efficiency of data services across platforms, reduces complexity, and simplifies integration processes.    Example usage: integration and operation of various software and hardware components within software-defined vehicles, ensuring consistent and efficient data communication across the vehicle's entire digital ecosystem.",,,Standardized architectural patterns for data service infrastructure and data management,,,,,Anonymous,,,,,,,,,,,,,,,,
Standardized Description of Data from Related Domains,S-BB,,AppLayer,,,"of Data from Related Domains  ## BB Tags(s)  S-BB  ## Functional Clusters   ## Layer  AppLayer  ## Known Implementation  ## ID (unique name)  ## Description  This work package focuses on developing a standardized framework for describing data from varied domains like people and the environment, ensuring uniformity, interoperability, and enhanced analytical capabilities.","Current data description practices are inconsistent across domains such as people and the environment, leading to challenges in data integration and analysis. This work package aims to create a standardized set of data description protocols and formats applicable to these and other domains, which helps to facilitates easier data integration, enhances the accuracy of cross-domain analyses, and streamlines data management.    Example usage: Data Integration",,,Standardized data description model form related domains,,,,,Anonymous,,,,,,,,,,,,,,,,
Standardized Procedure and Tooling for Combining Data from Different Domains,S-BB,,AppLayer,,,"This package aims to establish a standardized approach and develop tools for integrating and harmonizing data from diverse domains within the software-defined vehicle environment, ensuring effective data utilization and analysis.","Currently, combining data from different domains is challenging due to diverse formats and standards, leading to inefficiencies and potential data loss. This work package aims to establish a unified set of procedures and tools designed for effective data integration across diverse domains to improved data integration and management, enhanced accuracy and consistency in data analysis, and streamlined workflows.  Example usage: Insight Generation Daily route, Smart Window",,,Standardized tools and procedures for data integration across diverse domains,,,,,Anonymous,,,,,,,,,,,,,,,,
Standardized Procedure and Tooling for Modelling Data from Different Domains,S-BB,,AppLayer,,,"Developing a standardized methodology and toolkit for data modeling in the software-defined vehicle domain, ensuring consistency, compatibility, and efficiency in data handling and analysis.","In the context of software-defined vehicles, this work package standardizes data modeling to enhance integration and streamline development, thus supporting advanced, data-driven automotive applications.    Example usage: Employing cross-domain data modeling for automotive manufacturers, technology developers, and research institutions focused on software defined vehicles",,,Standardized Methodology/Workflow and Tooling,,,,,Anonymous,,,,,,,,,,,,,,,,
Legally binding formats for data exchange,S-BB,,MWLayer,,,,,,,,,,,,,,,,,,,,,,,,,,,,
SOA,S-BB,,MWLayer,Eclipse uProtocol,,"Service oriented communication allows services to communicate between ECUs with each other in the vehicle typically by publish-subscribe mechanism. Typically this is enabled by middleware framework implementing a service protocol (SOME/IP, DDS,..) and providing necessary interface connectors in various programming languages.",Standardization of SOA communication services across different vehicle manufacturer,TDB,,,,,,,Conti,High,,,,,,,,,,,,,,,
sSOA,S-BB,,MWLayer,,,Framework services for service-oriented architecture allowing security by design with security mechanism tight to the services (i.e. authentication of allowed service users etc.)  This needs to be tied in with the actual service mesh implementation - suggest that Eclipse uProtocol would be a good place for this topic.,Get standardized solution whereas today each vehicle manufacturers bring its solution.,AUTOSAR SCREIAM,,,,,,,Conti,Medium,,,,,,,,,,,,,,,
Standardized authentication of vehicle users,S-BB,,MWLayer,,,,,,,,,,,,,,,,,,,,,,,,,,,,
Standardize cloud services to support international roaming of vehicles,S-BB,,MWLayer,,,,,,,,,,,,,,,,,,,,,,,,,,,,
Standardized Data Conversion Tools for Info-Knowledge Layers,S-BB,,s  ## BB Tags(s)  S-BB  ## Functional Clusters   ## Layer  MWLayer,,,"This package aims to develop and standardize tools for converting data between the information layer (focusing on raw data collection and storage) and the knowledge layer (centered on processing data into actionable insights), ensuring accuracy and efficiency in data transformation.","This work package addresses the inefficiencies and incompatibilities in current data conversion methods between the information and knowledge layers, which often lead to data loss or misinterpretation. The goal is to develop standardized tools for effective and accurate data conversion, streamlining processing, reducing misinterpretation risks, and enhancing overall efficiency. This will improve data analysis quality and decision making by ensuring precise transformation of raw data into actionable knowledge.    Example usage: Insight Generation",,,"Standardized tools for data conversion, streamlining processing, reducing misinterpretation risks, and enhancing overall efficiency",,,,,Anonymous,,,,,,,,,,,,,,,,
"Standardized Data Description for Vehicle Sensors, Attributes, and Actuators",S-BB,None,MWLayer,,,"for Vehicle Sensors, Attributes, and Actuators  ## BB Tags(s)  S-BB  ## Functional Clusters  None  ## Layer  MWLayer  ## Known Implementation  ## ID (unique name)  ## Description  Establishing a standardized framework for describing the data from vehicle sensors, attributes, and actuators within the automotive data architecture.","Inconsistencies and lack of standardization in sensor data can lead to inefficiencies in data integration and usage across automotive systems. Developing a standardized schema for data description that can be adopted industry-wide. Streamlined integration of sensor data, improved interoperability between systems and components, reduced development costs.",<https://www.autosar.org/fileadmin/standards/R23-11/AP/AUTOSAR_AP_SWS_SensorInterfaces.pdf>,,,,,,,Anonymous,,,,,,,,,,,,,,,,
Standardized data formats for digital twins,S-BB,,MWLayer,,,,,,,,,,,,,,,,,,,,,,,,,,,,
Stadardized HD maps formats and services,S-BB,,MWLayer,[HERE](https://www.here.com),,,,,,,,,,,,,,,,,,,,,,,,,,,
Standardized way for Reasoning on Data Streams,S-BB,,,,,"This work package is dedicated to the development of a standardized framework for the analysis and reasoning of data streams within the knowledge layer of software-defined vehicles (SDVs). It aims to establish a unified approach for processing and interpreting the vast and continuous data generated by various vehicle sensors and systems. The framework is designed to enhance the efficiency and accuracy of data processing, ensuring that the knowledge layer effectively translates raw data into actionable insights. This is critical for real-time decision-making in SDVs, impacting areas such as autonomous driving, predictive maintenance, and adaptive system responses.","Currently, the lack of a standardized method for interpreting data streams in the knowledge layer of SDVs leads to inefficiencies and potential inaccuracies in decision-making. The work package aims to create a comprehensive framework that standardizes the analysis and reasoning process of data streams in the knowledge layer of SDVs to Improve precision and speed in data interpretation, enhance real-time decision making in vehicle systems, and increase reliability and safety in vehicle performance.    Example usage: Insight Generation (Daily User Trip, Services, Entertainment)",,,Standardized framework the analysis and reasoning of data streams within the knowledge layer of software-defined vehicles (SDVs).,,,,,Anonymous,,,,,,,,,,,,,,,,
Central database of vehicle failures and incidents,BB-CSC,Not specified,Not specified,,,"Support for a central (potentially government-sponsored) database of vehicle failures and incidents. Similar to an accident database, but of non-accident issues only.",,,,,,,,,,,,,,,,,,,,,,,,,
Central traffic manager,BB-CSC,Not specified,Not specified,,,Coordinates vehicles in traffic. Could lead to reduced sensor costs.,,,,,,,,,,,,,,,,,,,,,,,,,
Collect street data,BB-CSC,Not specified,Not specified,,,"Precise HD maps, codition, temporary blockages,… Extending services like Waze",,,,,,,,,,,,,,,,,,,,,,,,,
Location-based services,BB-CSC,Not specified,Not specified,,,"Supports drivers; manages, monitors, displays location-based info lie parking, zoning, chargers,…",,,,,,,,,,,,,,,,,,,,,,,,,
(insert name of BB),BB-CSC,Not specified,Not specified,,,Offloading of certain tasks from in-vehice to cloud resources (if criticality and timing constraints allow it),,,,,,,,,,,,,,,,,,,,,,,,,
Remote driving,BB-CSC,Not specified,Not specified,,,,,,,,,,,,,,,,,,,,,,,,,,,,
Remote Vehicle Interaction,BB-SC,"Communication, Vehicle Service endpoint definitions Security","MWLayer, AppLayer",- Eclipse Companion App blueprint: <https://github.com/eclipse-sdv-blueprints/companion-application>,,"The Goal of this use case cluster is systems abstractions and capabilities related to the (remote) interaction of a vehicle owner/driver with in-vehicle functionality. This includes basic remote function calling for features like HVAC control or charging behavior but can extend to complex scenarios around managing authentication and access for keyless access or ride sharing. The initial scope and goal can be a set of functional capabilities needed to implement a typical driver companion (mobile) app, similar to what is included in state-of-the-art product offerings in the market. The following key aspects are written from the point of view of an in-vehicle SDV Software stack. This use case cluster is focusing on data and data flows that are not hard real-time critical, and do not have safety implications beyond basic ASIL QM.","- Use unified semantics for vehicle interaction - e.g. based on COVESA VSC and uServices, with mechatronics abstraction happening as low in the stack as possible. - Employ software infrastructure for features like driver settings/profile management, synchronized between in-vehicle, backend and mobile domains . - Involve considerations around authentication and verification between service and application interaction in such a framework - access control, permissions, usage profiles, trust, etc.",,,,,,- Middleware - Communication,- [COVESA uServices](https://github.com/COVESA/uservices),- Daniel Krippner/ETAS GmbH,- High,- [COVESA uServices](https://github.com/COVESA/uservices) - Eclipse uProtocol - Eclipse SDV Companion App Blueprint - Eclipse SDV Fleet Management Blueprint,,,,,,,,,,,,,yes,yes
Universal Service Mesh,BB-SC,Communication,MWLayer,- Eclipse uProtocol: <https://projects.eclipse.org/projects/automotive.uprotocol>,,"The Goal of this use case cluster is a universal service mesh for connecting services and data sinks/sources across the entire SDV landscape: from the embedded mechantronics domain to the high-compute and connectivity units in vehicles, to backend services and end-user applications. This is the software communication infrastructure that enables almost every higher-level and user-facing use case.  The following key aspects are written from the point of view of an in-vehicle SDV Software stack. This use case cluster is focusing on data and data flows that are not hard real-time critical, and do not have safety implications beyond basic ASIL QM.","- Use commonly used definition language for service interfaces, as a joint source of truth for all involved technology domains - Employ modularized architecture that enables the inclusion of all kinds of transport-layer protocols, for instance MQTT, Eclipse Zenoh, Android Binder, potentially AUTOSAR SOME/IP, and more - Support pub/sub and request/response communication across the entire service mesh scope and all involved entities - Provide cross-domain integration for service discovery, data subscription and digital twin capabilities - Include considerations around authentication and verification between service and application interaction in such a framework - access control, permissions, usage profiles, trust, etc",,"Link to AUTOSAR SOME/IP protocol, other middleware- and protocol implementations, digital twin concepts, security concepts",,,,- Middleware - Security - Communication,- [COVESA uServices](https://github.com/COVESA/uservices),- Daniel Krippner/ETAS GmbH,- High,- [COVESA uServices](https://github.com/COVESA/uservices) - Eclipse uProtocol - Eclipse SDV Companion App Blueprint - Eclipse SDV Fleet Management Blueprint,,,,,,,,,,,,,yes,yes
Vehicle Fleet Data,BB-SC,"Communication, Storage, Security","MWLayer, AppLayer",- Eclipse Fleet Management blueprint: <https://github.com/eclipse-sdv-blueprints/fleet-management>,,"The Goal of this use case cluster is systems, abstractions and capabilities related to the extraction of data from the in-vehicle mechatronics domains. This includes both higher layers of abstraction and processing in in-vehicle SDV Software stacks, as well as routing to off-board systems (backend, mobile, etc). More specific use cases in this cluster might initially address commercial fleet management (FMS) functionality (where bespoke use cases and related data needs are generally well known, and joint definition work is already ongoing e.g. in COVESA). The following key aspects are written from the point of view of an in-vehicle SDV Software stack. This use case cluster is focusing on data and data flows that are not hard real-time critical, and do not have safety implications beyond basic ASIL QM.","- Use modularized approach for mechatronics data ingest - details of source network stacks and transport protocols need to be encapsulated and isolated from the downstream high-compute domain, and be configurable/extensible via high-compute modules - Employ unified semantics abstraction for downstream use cases - mechatronics data is bespoke to the source platform and its use by downstream consumers cannot scale without semantic unification at the point where the data enters the high-compute domain   - Provide extensibility wrt algorithmic/storage/querying/etc functionality - extending a solution with synthetic sensors, new data-related capabilities like storage/query infrastructure, and so on - Include considerations around authentication and verification between service and application interaction in such a framework - access control, permissions, usage profiles, trust, etc",,,,,,- Middleware - Communication,- [COVESA VSS](https://covesa.github.io/vehicle_signal_specification/),- Daniel Krippner/ETAS GmbH,- High,- [COVESA VSS](https://covesa.github.io/vehicle_signal_specification/) - [W3C VISS](https://github.com/COVESA/vehicle-information-service-specification) - Eclipse Kuksa - Eclipse uProtocol - Eclipse SDV Companion App Blueprint - Eclipse SDV Insurance Data Blueprint,,,,,,,,,,,,,yes,yes
